"0","andrew","grove","","","","","","","","","","","","","","","","","","","","","","","","","","","",""
"1","เจนโชติ","ศรีพร","","","","","","","","","","","","","","","","","","","","","","","","","","","",""
"2","aaa","bbb","","","","","","","","","","","","","","","","","","","","","","","","","","","",""
"3","กอไก่","","","","","","","","","","","","","","","","","","","","","","","","","","","","",""
"4","ขอไข่","","","","","","","","","","","","","","","","","","","","","","","","","","","","",""
"5","กก","","","","","","","","","","","","","","","","","","","","","","","","","","","","",""
"6","ขข","","","","","","","","","","","","","","","","","","","","","","","","","","","","",""
"7","ปป","","","","","","","","","","","","","","","","","","","","","","","","","","","","",""
"8","นนน","","","","","","","","","","","","","","","","","","","","","","","","","","","","",""
"9","พพพ","","","","","","","","","","","","","","","","","","","","","","","","","","","","",""
"10","test","last name","","","","","","","","","","","","","","","","","","","","","","","","","","","",""
